{
  "adapter": "EvolvedSubject",
  "duration": 96.0,
  "errors": [],
  "extra": [
    {
      "errors": [],
      "id": "evolved_roles",
      "metrics": {
        "evolved-recurrent": {
          "adapter": "EvolvedSubject",
          "bad_exposure": 0.002636450533517028,
          "cue_input_mass": 4.6900147762827,
          "cue_neutral_ratio": 0.7754121160270336,
          "cue_outcome_ratio": 0.6310950486984904,
          "cue_total_ratio": 0.5335654924924956,
          "exposure_contrast": 0.9847722843959584,
          "final_training_fitness": 3.3141366927948384,
          "good_exposure": 0.9874087349294755,
          "latent_value_separation": 3.2705830165561687,
          "latent_value_signal": 25.07023647823259,
          "latent_within_class_distance": 0.1304568065931743,
          "neutral_exposure": 0.030892821855774796,
          "neutral_input_mass": 1.3584008717895173,
          "outcome_input_mass": 2.741535805448109,
          "probe_accuracy": 1.0,
          "utility": 17.687883085756045,
          "variant": "evolved-recurrent"
        },
        "hidden-reset": {
          "adapter": "EvolvedSubject",
          "bad_exposure": 0.303152021945666,
          "cue_input_mass": 4.6900147762827,
          "cue_neutral_ratio": 0.7754121160270336,
          "cue_outcome_ratio": 0.6310950486984904,
          "cue_total_ratio": 0.5335654924924956,
          "exposure_contrast": -1.1102230246251565e-16,
          "final_training_fitness": 3.3141366927948384,
          "good_exposure": 0.3031520219456659,
          "latent_value_separation": 0.0,
          "latent_value_signal": 0.0,
          "latent_within_class_distance": 0.0,
          "neutral_exposure": 0.303152021945666,
          "neutral_input_mass": 1.3584008717895173,
          "outcome_input_mass": 2.741535805448109,
          "probe_accuracy": 0.59375,
          "utility": 0.3637824263347986,
          "variant": "hidden-reset"
        },
        "non-recurrent": {
          "adapter": "EvolvedSubject",
          "bad_exposure": 2.8130802890021994e-05,
          "cue_input_mass": 2.680044291886076,
          "cue_neutral_ratio": 0.6395186148183676,
          "cue_outcome_ratio": 0.5203021870576993,
          "cue_total_ratio": 0.40231149551870665,
          "exposure_contrast": -6.776263578034403e-21,
          "final_training_fitness": -0.0005420709295792233,
          "good_exposure": 2.8130802890021987e-05,
          "latent_value_separation": 4.002966042486721e-16,
          "latent_value_signal": 4.002964445396998e-07,
          "latent_within_class_distance": 3.989767443250339e-16,
          "neutral_exposure": 0.00023441225049830431,
          "neutral_input_mass": 1.5106770253460213,
          "outcome_input_mass": 2.4708936794526277,
          "probe_accuracy": 0.40625,
          "utility": -0.000626343668878477,
          "variant": "non-recurrent"
        },
        "random-recurrent": {
          "adapter": "EvolvedSubject",
          "bad_exposure": 0.5,
          "cue_input_mass": 0.0,
          "cue_neutral_ratio": 0.0,
          "cue_outcome_ratio": 0.0,
          "cue_total_ratio": 0.0,
          "exposure_contrast": 0.0,
          "final_training_fitness": 3.3141366927948384,
          "good_exposure": 0.5,
          "latent_value_separation": 0.0,
          "latent_value_signal": 0.0,
          "latent_within_class_distance": 0.0,
          "neutral_exposure": 0.5,
          "neutral_input_mass": 0.0,
          "outcome_input_mass": 0.0,
          "probe_accuracy": 0.59375,
          "utility": 0.6000000000000001,
          "variant": "random-recurrent"
        },
        "shuffled-temporal": {
          "adapter": "EvolvedSubject",
          "bad_exposure": 0.7412449760637843,
          "cue_input_mass": 4.6900147762827,
          "cue_neutral_ratio": 0.7754121160270336,
          "cue_outcome_ratio": 0.6310950486984904,
          "cue_total_ratio": 0.5335654924924956,
          "exposure_contrast": -0.06203978948292366,
          "final_training_fitness": 3.3141366927948384,
          "good_exposure": 0.6792051865808606,
          "latent_value_separation": 0.209639425517557,
          "latent_value_signal": 0.15805183743789886,
          "latent_within_class_distance": 1.3263966351664584,
          "neutral_exposure": 0.047456463806934024,
          "neutral_input_mass": 1.3584008717895173,
          "outcome_input_mass": 2.741535805448109,
          "probe_accuracy": 0.53125,
          "utility": -2.280857446024682,
          "variant": "shuffled-temporal"
        }
      },
      "ok": true,
      "roles": {
        "attention_claim_boundary": {
          "dynamic_attention_claimed": false,
          "future_allocation_claimed": false,
          "internal_expectation_channel_claimed": false,
          "selection_metric": "input_weight_concentration"
        },
        "exposure_regulation": {
          "evolved_bad_exposure": 0.002636450533517028,
          "evolved_exposure_contrast": 0.9847722843959584,
          "evolved_good_exposure": 0.9874087349294755,
          "evolved_neutral_exposure": 0.030892821855774796,
          "evolved_utility": 17.687883085756045,
          "nonrecurrent_utility": -0.000626343668878477,
          "random_utility": 0.6000000000000001,
          "reset_exposure_contrast": -1.1102230246251565e-16,
          "shuffled_exposure_contrast": -0.06203978948292366
        },
        "latent_topology": {
          "evolved_latent_value_separation": 3.2705830165561687,
          "evolved_latent_value_signal": 25.07023647823259,
          "evolved_latent_within_class_distance": 0.1304568065931743,
          "reset_latent_value_signal": 0.0,
          "shuffled_latent_value_signal": 0.15805183743789886,
          "topology_signal_gain_over_reset": 25.07023647823259,
          "topology_signal_gain_over_shuffled": 24.912184640794692
        },
        "selection_under_bottleneck": {
          "claim_kind": "cue_weight_concentration",
          "cue_total_gain_over_nonrecurrent": 0.13125399697378898,
          "evolved_cue_neutral_ratio": 0.7754121160270336,
          "evolved_cue_total_ratio": 0.5335654924924956,
          "full_dynamic_attention_claimed": false,
          "internal_expectation_channel_claimed": false,
          "nonrecurrent_cue_total_ratio": 0.40231149551870665,
          "random_cue_total_ratio": 0.0
        },
        "value_shaped_retention": {
          "evolved_latent_value_signal": 25.07023647823259,
          "evolved_probe_accuracy": 1.0,
          "reset_latent_value_signal": 0.0,
          "reset_probe_accuracy": 0.59375,
          "shuffled_latent_value_signal": 0.15805183743789886,
          "shuffled_probe_accuracy": 0.53125,
          "signal_gain_over_reset": 25.07023647823259,
          "signal_gain_over_shuffled": 24.912184640794692
        }
      }
    }
  ],
  "frame_count": 96,
  "input_count": 96,
  "observation_count": 96,
  "ok": true,
  "source_name": "evolved-roles:evolved-recurrent"
}
