t,actual,expected,error,surprise,memory_previous,memory
1,0.1,0.0,0.1,0.1,0.0,0.05
2,0.2,0.05,0.15000000000000002,0.15000000000000002,0.05,0.125
3,0.25,0.125,0.125,0.125,0.125,0.1875
4,0.8,0.1875,0.6125,0.6125,0.1875,0.49375
5,0.75,0.49375,0.25625,0.25625,0.49375,0.621875
6,0.3,0.621875,-0.32187499999999997,0.32187499999999997,0.621875,0.4609375
