{
  "adapter": "CaveNet",
  "duration": 5.1,
  "errors": [],
  "extra": [
    {
      "closeness": {
        "controller-full": {
          "actual_distance": 0.03268250335327993,
          "combined_distance": 0.03601782770318377,
          "expected_distance": 0.022824205208456294,
          "memory_distance": 0.05764801203510197,
          "surprise_distance": 0.03091659021589688
        },
        "fixed-weak": {
          "actual_distance": 0.0833382151775064,
          "combined_distance": 0.0672344596663418,
          "expected_distance": 0.030836395778920986,
          "memory_distance": 0.0925511788327058,
          "surprise_distance": 0.062212048876234
        }
      },
      "errors": [],
      "id": "cavenet_controller",
      "metrics": {
        "controller-full": {
          "actual_mass": 2.4188455121865364,
          "config_delta": 0.2109050795876235,
          "controller_latent_norm": 0.6258929861268019,
          "controller_output_weight_delta_norm": 0.0,
          "controller_output_weight_norm": 0.1675879300120217,
          "controller_readout_updates": 0.0,
          "controller_step_count": 26.0,
          "final_attention_gain": 0.6270375980509104,
          "final_learning_rate_gain": 0.3506396720750796,
          "final_memory_mass": 0.04948217320650713,
          "final_topology_deposit_gain": 0.5637445928796007,
          "initial_attention_gain": 0.45,
          "initial_learning_rate_gain": 0.2,
          "initial_topology_deposit_gain": 0.2,
          "mean_controller_attention_capacity": 0.49940694337679614,
          "mean_controller_external_attention": 0.23313653774356707,
          "mean_controller_internal_expectation_attention": 0.23313653774356707,
          "memory_mass": 1.6397904136445756,
          "surprise_total": 2.2479050587602196,
          "topology_mass": 65.12774690048063
        },
        "fixed-reference": {
          "actual_mass": 2.860961780317932,
          "config_delta": 0.0,
          "controller_latent_norm": 0.0,
          "controller_output_weight_delta_norm": 0.0,
          "controller_output_weight_norm": 0.0,
          "controller_readout_updates": 0.0,
          "controller_step_count": 0.0,
          "final_attention_gain": 1.0,
          "final_learning_rate_gain": 1.0,
          "final_memory_mass": 0.025567003103584715,
          "final_topology_deposit_gain": 1.0,
          "initial_attention_gain": 1.0,
          "initial_learning_rate_gain": 1.0,
          "initial_topology_deposit_gain": 1.0,
          "mean_controller_attention_capacity": 0.49940694337679614,
          "mean_controller_external_attention": 0.23313653774356707,
          "mean_controller_internal_expectation_attention": 0.23313653774356707,
          "memory_mass": 2.571572803854558,
          "surprise_total": 2.456715252218983,
          "topology_mass": 132.58305645710405
        },
        "fixed-weak": {
          "actual_mass": 1.2874328011430693,
          "config_delta": 0.0,
          "controller_latent_norm": 0.0,
          "controller_output_weight_delta_norm": 0.0,
          "controller_output_weight_norm": 0.0,
          "controller_readout_updates": 0.0,
          "controller_step_count": 0.0,
          "final_attention_gain": 0.45,
          "final_learning_rate_gain": 0.2,
          "final_memory_mass": 0.022283975540069195,
          "final_topology_deposit_gain": 0.2,
          "initial_attention_gain": 0.45,
          "initial_learning_rate_gain": 0.2,
          "initial_topology_deposit_gain": 0.2,
          "mean_controller_attention_capacity": 0.49940694337679614,
          "mean_controller_external_attention": 0.23313653774356707,
          "mean_controller_internal_expectation_attention": 0.23313653774356707,
          "memory_mass": 0.5741965387465453,
          "surprise_total": 1.2258442904684221,
          "topology_mass": 24.651922740808676
        },
        "no-attention-input": {
          "actual_mass": 1.4878848001523475,
          "config_delta": 0.14510626754804892,
          "controller_latent_norm": 0.4411589676647882,
          "controller_output_weight_delta_norm": 0.0,
          "controller_output_weight_norm": 0.1675879300120217,
          "controller_readout_updates": 0.0,
          "controller_step_count": 26.0,
          "final_attention_gain": 0.4977591857353972,
          "final_learning_rate_gain": 0.30009915032460466,
          "final_memory_mass": 0.028645440092622987,
          "final_topology_deposit_gain": 0.46274174931419026,
          "initial_attention_gain": 0.45,
          "initial_learning_rate_gain": 0.2,
          "initial_topology_deposit_gain": 0.2,
          "mean_controller_attention_capacity": 0.49940694337679614,
          "mean_controller_external_attention": 0.23313653774356707,
          "mean_controller_internal_expectation_attention": 0.23313653774356707,
          "memory_mass": 0.8499167201819658,
          "surprise_total": 1.3974264541601014,
          "topology_mass": 49.77709784653378
        },
        "no-memory-input": {
          "actual_mass": 2.4058630085322625,
          "config_delta": 0.19409313289862884,
          "controller_latent_norm": 0.6063519874812797,
          "controller_output_weight_delta_norm": 0.0,
          "controller_output_weight_norm": 0.1675879300120217,
          "controller_readout_updates": 0.0,
          "controller_step_count": 26.0,
          "final_attention_gain": 0.6184225554336317,
          "final_learning_rate_gain": 0.32187960317623615,
          "final_memory_mass": 0.05224922153292319,
          "final_topology_deposit_gain": 0.5324909460114522,
          "initial_attention_gain": 0.45,
          "initial_learning_rate_gain": 0.2,
          "initial_topology_deposit_gain": 0.2,
          "mean_controller_attention_capacity": 0.49940694337679614,
          "mean_controller_external_attention": 0.23313653774356707,
          "mean_controller_internal_expectation_attention": 0.23313653774356707,
          "memory_mass": 1.6361990484676514,
          "surprise_total": 2.239123097648318,
          "topology_mass": 62.87794651791974
        },
        "no-pressure-input": {
          "actual_mass": 2.117209354704579,
          "config_delta": 0.14889342450980375,
          "controller_latent_norm": 0.46312924718471093,
          "controller_output_weight_delta_norm": 0.0,
          "controller_output_weight_norm": 0.1675879300120217,
          "controller_readout_updates": 0.0,
          "controller_step_count": 26.0,
          "final_attention_gain": 0.6021788612897014,
          "final_learning_rate_gain": 0.30056284213116613,
          "final_memory_mass": 0.03761124359336349,
          "final_topology_deposit_gain": 0.4502260363761368,
          "initial_attention_gain": 0.45,
          "initial_learning_rate_gain": 0.2,
          "initial_topology_deposit_gain": 0.2,
          "mean_controller_attention_capacity": 0.49940694337679614,
          "mean_controller_external_attention": 0.23313653774356707,
          "mean_controller_internal_expectation_attention": 0.23313653774356707,
          "memory_mass": 1.0748946862284365,
          "surprise_total": 2.0067058903129493,
          "topology_mass": 45.86562344311315
        },
        "no-topology-input": {
          "actual_mass": 2.356621281058561,
          "config_delta": 0.05430044609338756,
          "controller_latent_norm": 0.23310252091838501,
          "controller_output_weight_delta_norm": 0.0,
          "controller_output_weight_norm": 0.1675879300120217,
          "controller_readout_updates": 0.0,
          "controller_step_count": 26.0,
          "final_attention_gain": 0.5755022173466149,
          "final_learning_rate_gain": 0.24874043464978252,
          "final_memory_mass": 0.05722195033171895,
          "final_topology_deposit_gain": 0.2405237115278024,
          "initial_attention_gain": 0.45,
          "initial_learning_rate_gain": 0.2,
          "initial_topology_deposit_gain": 0.2,